image_id,path,relative_path,generator,subset_name,split,class_name,is_real,y_ai
img_1f02b5d15329f5c1,/Users/nandapratama/Documents/Folder belajar/TA/nr_iqa_genimage_scaffold/data/raw/genimage/BigGAN/persian_cat/train/ai/283_biggan_00000.png,train/ai/283_biggan_00000.png,BigGAN,persian_cat,train,ai,0,1
img_91e156cb1b2d18f7,/Users/nandapratama/Documents/Folder belajar/TA/nr_iqa_genimage_scaffold/data/raw/genimage/BigGAN/persian_cat/train/ai/283_biggan_00001.png,train/ai/283_biggan_00001.png,BigGAN,persian_cat,train,ai,0,1
img_b3468dae5a938196,/Users/nandapratama/Documents/Folder belajar/TA/nr_iqa_genimage_scaffold/data/raw/genimage/BigGAN/persian_cat/train/ai/283_biggan_00002.png,train/ai/283_biggan_00002.png,BigGAN,persian_cat,train,ai,0,1
img_24c208b21a2d3fb0,/Users/nandapratama/Documents/Folder belajar/TA/nr_iqa_genimage_scaffold/data/raw/genimage/BigGAN/persian_cat/train/ai/283_biggan_00004.png,train/ai/283_biggan_00004.png,BigGAN,persian_cat,train,ai,0,1
img_e8a651feef595bf5,/Users/nandapratama/Documents/Folder belajar/TA/nr_iqa_genimage_scaffold/data/raw/genimage/BigGAN/persian_cat/train/ai/283_biggan_00005.png,train/ai/283_biggan_00005.png,BigGAN,persian_cat,train,ai,0,1
img_358fdb0682eaecce,/Users/nandapratama/Documents/Folder belajar/TA/nr_iqa_genimage_scaffold/data/raw/genimage/BigGAN/persian_cat/train/ai/283_biggan_00006.png,train/ai/283_biggan_00006.png,BigGAN,persian_cat,train,ai,0,1
img_61d50ed5543d3903,/Users/nandapratama/Documents/Folder belajar/TA/nr_iqa_genimage_scaffold/data/raw/genimage/BigGAN/persian_cat/train/ai/283_biggan_00007.png,train/ai/283_biggan_00007.png,BigGAN,persian_cat,train,ai,0,1
img_29a002a435df688d,/Users/nandapratama/Documents/Folder belajar/TA/nr_iqa_genimage_scaffold/data/raw/genimage/BigGAN/persian_cat/train/ai/283_biggan_00008.png,train/ai/283_biggan_00008.png,BigGAN,persian_cat,train,ai,0,1
img_7e372085f22e74a1,/Users/nandapratama/Documents/Folder belajar/TA/nr_iqa_genimage_scaffold/data/raw/genimage/BigGAN/persian_cat/train/ai/283_biggan_00010.png,train/ai/283_biggan_00010.png,BigGAN,persian_cat,train,ai,0,1
img_df4fe91dc3a3ebbf,/Users/nandapratama/Documents/Folder belajar/TA/nr_iqa_genimage_scaffold/data/raw/genimage/BigGAN/persian_cat/train/ai/283_biggan_00011.png,train/ai/283_biggan_00011.png,BigGAN,persian_cat,train,ai,0,1
img_0f6f07a9cb784c25,/Users/nandapratama/Documents/Folder belajar/TA/nr_iqa_genimage_scaffold/data/raw/genimage/BigGAN/persian_cat/train/ai/283_biggan_00012.png,train/ai/283_biggan_00012.png,BigGAN,persian_cat,train,ai,0,1
img_5d7987e84e4f8fbd,/Users/nandapratama/Documents/Folder belajar/TA/nr_iqa_genimage_scaffold/data/raw/genimage/BigGAN/persian_cat/train/ai/283_biggan_00013.png,train/ai/283_biggan_00013.png,BigGAN,persian_cat,train,ai,0,1
img_bb1b58a2fa382a77,/Users/nandapratama/Documents/Folder belajar/TA/nr_iqa_genimage_scaffold/data/raw/genimage/BigGAN/persian_cat/train/ai/283_biggan_00014.png,train/ai/283_biggan_00014.png,BigGAN,persian_cat,train,ai,0,1
img_4b1388143e119b18,/Users/nandapratama/Documents/Folder belajar/TA/nr_iqa_genimage_scaffold/data/raw/genimage/BigGAN/persian_cat/train/ai/283_biggan_00016.png,train/ai/283_biggan_00016.png,BigGAN,persian_cat,train,ai,0,1
img_dd9ffb0d2a59ca31,/Users/nandapratama/Documents/Folder belajar/TA/nr_iqa_genimage_scaffold/data/raw/genimage/BigGAN/persian_cat/train/ai/283_biggan_00017.png,train/ai/283_biggan_00017.png,BigGAN,persian_cat,train,ai,0,1
img_282f9ccdf73d6801,/Users/nandapratama/Documents/Folder belajar/TA/nr_iqa_genimage_scaffold/data/raw/genimage/BigGAN/persian_cat/train/ai/283_biggan_00018.png,train/ai/283_biggan_00018.png,BigGAN,persian_cat,train,ai,0,1
img_b6ac110fbd42977d,/Users/nandapratama/Documents/Folder belajar/TA/nr_iqa_genimage_scaffold/data/raw/genimage/BigGAN/persian_cat/train/ai/283_biggan_00021.png,train/ai/283_biggan_00021.png,BigGAN,persian_cat,train,ai,0,1
img_3fcf3888cebd1fe6,/Users/nandapratama/Documents/Folder belajar/TA/nr_iqa_genimage_scaffold/data/raw/genimage/BigGAN/persian_cat/train/ai/283_biggan_00022.png,train/ai/283_biggan_00022.png,BigGAN,persian_cat,train,ai,0,1
img_a90af3dcfdaacecf,/Users/nandapratama/Documents/Folder belajar/TA/nr_iqa_genimage_scaffold/data/raw/genimage/BigGAN/persian_cat/train/ai/283_biggan_00023.png,train/ai/283_biggan_00023.png,BigGAN,persian_cat,train,ai,0,1
img_1b1d266b3eb43c8c,/Users/nandapratama/Documents/Folder belajar/TA/nr_iqa_genimage_scaffold/data/raw/genimage/BigGAN/persian_cat/train/ai/283_biggan_00024.png,train/ai/283_biggan_00024.png,BigGAN,persian_cat,train,ai,0,1
img_dd9e1f5878fcf998,/Users/nandapratama/Documents/Folder belajar/TA/nr_iqa_genimage_scaffold/data/raw/genimage/BigGAN/persian_cat/train/ai/283_biggan_00026.png,train/ai/283_biggan_00026.png,BigGAN,persian_cat,train,ai,0,1
img_2486c09366343dc6,/Users/nandapratama/Documents/Folder belajar/TA/nr_iqa_genimage_scaffold/data/raw/genimage/BigGAN/persian_cat/train/ai/283_biggan_00028.png,train/ai/283_biggan_00028.png,BigGAN,persian_cat,train,ai,0,1
img_c2e1c46b88b245de,/Users/nandapratama/Documents/Folder belajar/TA/nr_iqa_genimage_scaffold/data/raw/genimage/BigGAN/persian_cat/train/ai/283_biggan_00030.png,train/ai/283_biggan_00030.png,BigGAN,persian_cat,train,ai,0,1
img_8c02a79063bd23e8,/Users/nandapratama/Documents/Folder belajar/TA/nr_iqa_genimage_scaffold/data/raw/genimage/BigGAN/persian_cat/train/ai/283_biggan_00031.png,train/ai/283_biggan_00031.png,BigGAN,persian_cat,train,ai,0,1
img_5655c390f03bd24b,/Users/nandapratama/Documents/Folder belajar/TA/nr_iqa_genimage_scaffold/data/raw/genimage/BigGAN/persian_cat/train/ai/283_biggan_00032.png,train/ai/283_biggan_00032.png,BigGAN,persian_cat,train,ai,0,1
img_e4eefebac7ea6e64,/Users/nandapratama/Documents/Folder belajar/TA/nr_iqa_genimage_scaffold/data/raw/genimage/BigGAN/persian_cat/train/ai/283_biggan_00033.png,train/ai/283_biggan_00033.png,BigGAN,persian_cat,train,ai,0,1
img_24186b95c33e43eb,/Users/nandapratama/Documents/Folder belajar/TA/nr_iqa_genimage_scaffold/data/raw/genimage/BigGAN/persian_cat/train/ai/283_biggan_00034.png,train/ai/283_biggan_00034.png,BigGAN,persian_cat,train,ai,0,1
img_6e92694af2e0aff3,/Users/nandapratama/Documents/Folder belajar/TA/nr_iqa_genimage_scaffold/data/raw/genimage/BigGAN/persian_cat/train/ai/283_biggan_00036.png,train/ai/283_biggan_00036.png,BigGAN,persian_cat,train,ai,0,1
img_0cd441775fb211eb,/Users/nandapratama/Documents/Folder belajar/TA/nr_iqa_genimage_scaffold/data/raw/genimage/BigGAN/persian_cat/train/ai/283_biggan_00037.png,train/ai/283_biggan_00037.png,BigGAN,persian_cat,train,ai,0,1
img_d805df10310cbd58,/Users/nandapratama/Documents/Folder belajar/TA/nr_iqa_genimage_scaffold/data/raw/genimage/BigGAN/persian_cat/train/ai/283_biggan_00040.png,train/ai/283_biggan_00040.png,BigGAN,persian_cat,train,ai,0,1
img_b215e7ca4bf95f17,/Users/nandapratama/Documents/Folder belajar/TA/nr_iqa_genimage_scaffold/data/raw/genimage/BigGAN/persian_cat/train/ai/283_biggan_00042.png,train/ai/283_biggan_00042.png,BigGAN,persian_cat,train,ai,0,1
img_5f73db2ad0d330d9,/Users/nandapratama/Documents/Folder belajar/TA/nr_iqa_genimage_scaffold/data/raw/genimage/BigGAN/persian_cat/train/ai/283_biggan_00043.png,train/ai/283_biggan_00043.png,BigGAN,persian_cat,train,ai,0,1
img_aec2c20e311b73d2,/Users/nandapratama/Documents/Folder belajar/TA/nr_iqa_genimage_scaffold/data/raw/genimage/BigGAN/persian_cat/train/ai/283_biggan_00044.png,train/ai/283_biggan_00044.png,BigGAN,persian_cat,train,ai,0,1
img_dfa164ec434e5fa6,/Users/nandapratama/Documents/Folder belajar/TA/nr_iqa_genimage_scaffold/data/raw/genimage/BigGAN/persian_cat/train/ai/283_biggan_00045.png,train/ai/283_biggan_00045.png,BigGAN,persian_cat,train,ai,0,1
img_78cf81898d03b613,/Users/nandapratama/Documents/Folder belajar/TA/nr_iqa_genimage_scaffold/data/raw/genimage/BigGAN/persian_cat/train/ai/283_biggan_00046.png,train/ai/283_biggan_00046.png,BigGAN,persian_cat,train,ai,0,1
img_0925c719a4ab2c5b,/Users/nandapratama/Documents/Folder belajar/TA/nr_iqa_genimage_scaffold/data/raw/genimage/BigGAN/persian_cat/train/ai/283_biggan_00047.png,train/ai/283_biggan_00047.png,BigGAN,persian_cat,train,ai,0,1
img_a8c73cf0b7dc8f10,/Users/nandapratama/Documents/Folder belajar/TA/nr_iqa_genimage_scaffold/data/raw/genimage/BigGAN/persian_cat/train/ai/283_biggan_00048.png,train/ai/283_biggan_00048.png,BigGAN,persian_cat,train,ai,0,1
img_16344c15f6896d1b,/Users/nandapratama/Documents/Folder belajar/TA/nr_iqa_genimage_scaffold/data/raw/genimage/BigGAN/persian_cat/train/ai/283_biggan_00049.png,train/ai/283_biggan_00049.png,BigGAN,persian_cat,train,ai,0,1
img_0698a9c1abedb892,/Users/nandapratama/Documents/Folder belajar/TA/nr_iqa_genimage_scaffold/data/raw/genimage/BigGAN/persian_cat/train/ai/283_biggan_00050.png,train/ai/283_biggan_00050.png,BigGAN,persian_cat,train,ai,0,1
img_ca6869233552b4b7,/Users/nandapratama/Documents/Folder belajar/TA/nr_iqa_genimage_scaffold/data/raw/genimage/BigGAN/persian_cat/train/ai/283_biggan_00051.png,train/ai/283_biggan_00051.png,BigGAN,persian_cat,train,ai,0,1
img_ea81423fb843cdce,/Users/nandapratama/Documents/Folder belajar/TA/nr_iqa_genimage_scaffold/data/raw/genimage/BigGAN/persian_cat/train/ai/283_biggan_00052.png,train/ai/283_biggan_00052.png,BigGAN,persian_cat,train,ai,0,1
img_38ea8996dfaa4cb5,/Users/nandapratama/Documents/Folder belajar/TA/nr_iqa_genimage_scaffold/data/raw/genimage/BigGAN/persian_cat/train/ai/283_biggan_00053.png,train/ai/283_biggan_00053.png,BigGAN,persian_cat,train,ai,0,1
img_c2852be8c8482d4a,/Users/nandapratama/Documents/Folder belajar/TA/nr_iqa_genimage_scaffold/data/raw/genimage/BigGAN/persian_cat/train/ai/283_biggan_00054.png,train/ai/283_biggan_00054.png,BigGAN,persian_cat,train,ai,0,1
img_9258b68fdd17644d,/Users/nandapratama/Documents/Folder belajar/TA/nr_iqa_genimage_scaffold/data/raw/genimage/BigGAN/persian_cat/train/ai/283_biggan_00055.png,train/ai/283_biggan_00055.png,BigGAN,persian_cat,train,ai,0,1
img_25d8c56d0973578b,/Users/nandapratama/Documents/Folder belajar/TA/nr_iqa_genimage_scaffold/data/raw/genimage/BigGAN/persian_cat/train/ai/283_biggan_00056.png,train/ai/283_biggan_00056.png,BigGAN,persian_cat,train,ai,0,1
img_8886c536d0eab6c5,/Users/nandapratama/Documents/Folder belajar/TA/nr_iqa_genimage_scaffold/data/raw/genimage/BigGAN/persian_cat/train/ai/283_biggan_00057.png,train/ai/283_biggan_00057.png,BigGAN,persian_cat,train,ai,0,1
img_904a642f2f5dc38a,/Users/nandapratama/Documents/Folder belajar/TA/nr_iqa_genimage_scaffold/data/raw/genimage/BigGAN/persian_cat/train/ai/283_biggan_00058.png,train/ai/283_biggan_00058.png,BigGAN,persian_cat,train,ai,0,1
img_3851476ee271ed32,/Users/nandapratama/Documents/Folder belajar/TA/nr_iqa_genimage_scaffold/data/raw/genimage/BigGAN/persian_cat/train/ai/283_biggan_00059.png,train/ai/283_biggan_00059.png,BigGAN,persian_cat,train,ai,0,1
img_d414cc18b35335f2,/Users/nandapratama/Documents/Folder belajar/TA/nr_iqa_genimage_scaffold/data/raw/genimage/BigGAN/persian_cat/train/ai/283_biggan_00060.png,train/ai/283_biggan_00060.png,BigGAN,persian_cat,train,ai,0,1
img_d9135a043d81253a,/Users/nandapratama/Documents/Folder belajar/TA/nr_iqa_genimage_scaffold/data/raw/genimage/BigGAN/persian_cat/train/ai/283_biggan_00061.png,train/ai/283_biggan_00061.png,BigGAN,persian_cat,train,ai,0,1
img_a67c3c2bfa84134a,/Users/nandapratama/Documents/Folder belajar/TA/nr_iqa_genimage_scaffold/data/raw/genimage/BigGAN/persian_cat/train/ai/283_biggan_00062.png,train/ai/283_biggan_00062.png,BigGAN,persian_cat,train,ai,0,1
img_96c5995986a06806,/Users/nandapratama/Documents/Folder belajar/TA/nr_iqa_genimage_scaffold/data/raw/genimage/BigGAN/persian_cat/train/ai/283_biggan_00063.png,train/ai/283_biggan_00063.png,BigGAN,persian_cat,train,ai,0,1
img_e5e7da21e85fa96b,/Users/nandapratama/Documents/Folder belajar/TA/nr_iqa_genimage_scaffold/data/raw/genimage/BigGAN/persian_cat/train/ai/283_biggan_00064.png,train/ai/283_biggan_00064.png,BigGAN,persian_cat,train,ai,0,1
img_177f9148577e87f5,/Users/nandapratama/Documents/Folder belajar/TA/nr_iqa_genimage_scaffold/data/raw/genimage/BigGAN/persian_cat/train/ai/283_biggan_00066.png,train/ai/283_biggan_00066.png,BigGAN,persian_cat,train,ai,0,1
img_a39c0efa65bbb0e8,/Users/nandapratama/Documents/Folder belajar/TA/nr_iqa_genimage_scaffold/data/raw/genimage/BigGAN/persian_cat/train/ai/283_biggan_00067.png,train/ai/283_biggan_00067.png,BigGAN,persian_cat,train,ai,0,1
img_007d7df5a220d064,/Users/nandapratama/Documents/Folder belajar/TA/nr_iqa_genimage_scaffold/data/raw/genimage/BigGAN/persian_cat/train/ai/283_biggan_00068.png,train/ai/283_biggan_00068.png,BigGAN,persian_cat,train,ai,0,1
img_8493ac45aa06d119,/Users/nandapratama/Documents/Folder belajar/TA/nr_iqa_genimage_scaffold/data/raw/genimage/BigGAN/persian_cat/train/ai/283_biggan_00069.png,train/ai/283_biggan_00069.png,BigGAN,persian_cat,train,ai,0,1
img_8c7e3709e5c2c2e5,/Users/nandapratama/Documents/Folder belajar/TA/nr_iqa_genimage_scaffold/data/raw/genimage/BigGAN/persian_cat/train/ai/283_biggan_00070.png,train/ai/283_biggan_00070.png,BigGAN,persian_cat,train,ai,0,1
img_a0f6f13b8408a80c,/Users/nandapratama/Documents/Folder belajar/TA/nr_iqa_genimage_scaffold/data/raw/genimage/BigGAN/persian_cat/train/ai/283_biggan_00072.png,train/ai/283_biggan_00072.png,BigGAN,persian_cat,train,ai,0,1
img_80f99c26099409f3,/Users/nandapratama/Documents/Folder belajar/TA/nr_iqa_genimage_scaffold/data/raw/genimage/BigGAN/persian_cat/train/ai/283_biggan_00073.png,train/ai/283_biggan_00073.png,BigGAN,persian_cat,train,ai,0,1
img_547cc3a4b42566da,/Users/nandapratama/Documents/Folder belajar/TA/nr_iqa_genimage_scaffold/data/raw/genimage/BigGAN/persian_cat/train/ai/283_biggan_00075.png,train/ai/283_biggan_00075.png,BigGAN,persian_cat,train,ai,0,1
img_995f47c20729b545,/Users/nandapratama/Documents/Folder belajar/TA/nr_iqa_genimage_scaffold/data/raw/genimage/BigGAN/persian_cat/train/ai/283_biggan_00076.png,train/ai/283_biggan_00076.png,BigGAN,persian_cat,train,ai,0,1
img_8452a9c59e8e9c23,/Users/nandapratama/Documents/Folder belajar/TA/nr_iqa_genimage_scaffold/data/raw/genimage/BigGAN/persian_cat/train/ai/283_biggan_00077.png,train/ai/283_biggan_00077.png,BigGAN,persian_cat,train,ai,0,1
img_d2853697c293970e,/Users/nandapratama/Documents/Folder belajar/TA/nr_iqa_genimage_scaffold/data/raw/genimage/BigGAN/persian_cat/train/ai/283_biggan_00078.png,train/ai/283_biggan_00078.png,BigGAN,persian_cat,train,ai,0,1
img_37eca498d8f3e206,/Users/nandapratama/Documents/Folder belajar/TA/nr_iqa_genimage_scaffold/data/raw/genimage/BigGAN/persian_cat/train/ai/283_biggan_00079.png,train/ai/283_biggan_00079.png,BigGAN,persian_cat,train,ai,0,1
img_ff87624a192b4de5,/Users/nandapratama/Documents/Folder belajar/TA/nr_iqa_genimage_scaffold/data/raw/genimage/BigGAN/persian_cat/train/ai/283_biggan_00081.png,train/ai/283_biggan_00081.png,BigGAN,persian_cat,train,ai,0,1
img_4f3e7ab9fbe98d93,/Users/nandapratama/Documents/Folder belajar/TA/nr_iqa_genimage_scaffold/data/raw/genimage/BigGAN/persian_cat/train/ai/283_biggan_00082.png,train/ai/283_biggan_00082.png,BigGAN,persian_cat,train,ai,0,1
img_bb0b667bf9ec1afb,/Users/nandapratama/Documents/Folder belajar/TA/nr_iqa_genimage_scaffold/data/raw/genimage/BigGAN/persian_cat/train/ai/283_biggan_00083.png,train/ai/283_biggan_00083.png,BigGAN,persian_cat,train,ai,0,1
img_4aeafca90a937f23,/Users/nandapratama/Documents/Folder belajar/TA/nr_iqa_genimage_scaffold/data/raw/genimage/BigGAN/persian_cat/train/ai/283_biggan_00084.png,train/ai/283_biggan_00084.png,BigGAN,persian_cat,train,ai,0,1
img_7853dd5b762990ca,/Users/nandapratama/Documents/Folder belajar/TA/nr_iqa_genimage_scaffold/data/raw/genimage/BigGAN/persian_cat/train/ai/283_biggan_00085.png,train/ai/283_biggan_00085.png,BigGAN,persian_cat,train,ai,0,1
img_da36b9320bee65c9,/Users/nandapratama/Documents/Folder belajar/TA/nr_iqa_genimage_scaffold/data/raw/genimage/BigGAN/persian_cat/train/ai/283_biggan_00086.png,train/ai/283_biggan_00086.png,BigGAN,persian_cat,train,ai,0,1
img_ff512ce90ab425c7,/Users/nandapratama/Documents/Folder belajar/TA/nr_iqa_genimage_scaffold/data/raw/genimage/BigGAN/persian_cat/train/ai/283_biggan_00087.png,train/ai/283_biggan_00087.png,BigGAN,persian_cat,train,ai,0,1
img_e05eaa0a1e22f05d,/Users/nandapratama/Documents/Folder belajar/TA/nr_iqa_genimage_scaffold/data/raw/genimage/BigGAN/persian_cat/train/ai/283_biggan_00088.png,train/ai/283_biggan_00088.png,BigGAN,persian_cat,train,ai,0,1
img_5b9850ede7475f13,/Users/nandapratama/Documents/Folder belajar/TA/nr_iqa_genimage_scaffold/data/raw/genimage/BigGAN/persian_cat/train/ai/283_biggan_00089.png,train/ai/283_biggan_00089.png,BigGAN,persian_cat,train,ai,0,1
img_fe174e45fc4f4ca2,/Users/nandapratama/Documents/Folder belajar/TA/nr_iqa_genimage_scaffold/data/raw/genimage/BigGAN/persian_cat/train/ai/283_biggan_00091.png,train/ai/283_biggan_00091.png,BigGAN,persian_cat,train,ai,0,1
img_ba204227b2ca6222,/Users/nandapratama/Documents/Folder belajar/TA/nr_iqa_genimage_scaffold/data/raw/genimage/BigGAN/persian_cat/train/ai/283_biggan_00093.png,train/ai/283_biggan_00093.png,BigGAN,persian_cat,train,ai,0,1
img_363b83858184b0b9,/Users/nandapratama/Documents/Folder belajar/TA/nr_iqa_genimage_scaffold/data/raw/genimage/BigGAN/persian_cat/train/ai/283_biggan_00094.png,train/ai/283_biggan_00094.png,BigGAN,persian_cat,train,ai,0,1
img_34541df04357b728,/Users/nandapratama/Documents/Folder belajar/TA/nr_iqa_genimage_scaffold/data/raw/genimage/BigGAN/persian_cat/train/ai/283_biggan_00095.png,train/ai/283_biggan_00095.png,BigGAN,persian_cat,train,ai,0,1
img_726b7b01b6d2d026,/Users/nandapratama/Documents/Folder belajar/TA/nr_iqa_genimage_scaffold/data/raw/genimage/BigGAN/persian_cat/train/ai/283_biggan_00096.png,train/ai/283_biggan_00096.png,BigGAN,persian_cat,train,ai,0,1
img_2edd6e8deb4ffdb1,/Users/nandapratama/Documents/Folder belajar/TA/nr_iqa_genimage_scaffold/data/raw/genimage/BigGAN/persian_cat/train/ai/283_biggan_00097.png,train/ai/283_biggan_00097.png,BigGAN,persian_cat,train,ai,0,1
img_86d4edd70df87a5e,/Users/nandapratama/Documents/Folder belajar/TA/nr_iqa_genimage_scaffold/data/raw/genimage/BigGAN/persian_cat/train/ai/283_biggan_00098.png,train/ai/283_biggan_00098.png,BigGAN,persian_cat,train,ai,0,1
img_ac43e176997aa5d1,/Users/nandapratama/Documents/Folder belajar/TA/nr_iqa_genimage_scaffold/data/raw/genimage/BigGAN/persian_cat/train/ai/283_biggan_00101.png,train/ai/283_biggan_00101.png,BigGAN,persian_cat,train,ai,0,1
img_25bc4185e4562c07,/Users/nandapratama/Documents/Folder belajar/TA/nr_iqa_genimage_scaffold/data/raw/genimage/BigGAN/persian_cat/train/ai/283_biggan_00102.png,train/ai/283_biggan_00102.png,BigGAN,persian_cat,train,ai,0,1
img_f3834b898f36e064,/Users/nandapratama/Documents/Folder belajar/TA/nr_iqa_genimage_scaffold/data/raw/genimage/BigGAN/persian_cat/train/ai/283_biggan_00103.png,train/ai/283_biggan_00103.png,BigGAN,persian_cat,train,ai,0,1
img_a04da8d6c230b3f9,/Users/nandapratama/Documents/Folder belajar/TA/nr_iqa_genimage_scaffold/data/raw/genimage/BigGAN/persian_cat/train/ai/283_biggan_00104.png,train/ai/283_biggan_00104.png,BigGAN,persian_cat,train,ai,0,1
img_7aa84946eef78485,/Users/nandapratama/Documents/Folder belajar/TA/nr_iqa_genimage_scaffold/data/raw/genimage/BigGAN/persian_cat/train/ai/283_biggan_00105.png,train/ai/283_biggan_00105.png,BigGAN,persian_cat,train,ai,0,1
img_e1ad83efaaf7b701,/Users/nandapratama/Documents/Folder belajar/TA/nr_iqa_genimage_scaffold/data/raw/genimage/BigGAN/persian_cat/train/ai/283_biggan_00106.png,train/ai/283_biggan_00106.png,BigGAN,persian_cat,train,ai,0,1
img_67d3fc4e16358165,/Users/nandapratama/Documents/Folder belajar/TA/nr_iqa_genimage_scaffold/data/raw/genimage/BigGAN/persian_cat/train/ai/283_biggan_00107.png,train/ai/283_biggan_00107.png,BigGAN,persian_cat,train,ai,0,1
img_d5f7cb48e1d5f693,/Users/nandapratama/Documents/Folder belajar/TA/nr_iqa_genimage_scaffold/data/raw/genimage/BigGAN/persian_cat/train/ai/283_biggan_00108.png,train/ai/283_biggan_00108.png,BigGAN,persian_cat,train,ai,0,1
img_3f205f202e975596,/Users/nandapratama/Documents/Folder belajar/TA/nr_iqa_genimage_scaffold/data/raw/genimage/BigGAN/persian_cat/train/ai/283_biggan_00109.png,train/ai/283_biggan_00109.png,BigGAN,persian_cat,train,ai,0,1
img_e8ea412d12fe56dd,/Users/nandapratama/Documents/Folder belajar/TA/nr_iqa_genimage_scaffold/data/raw/genimage/BigGAN/persian_cat/train/ai/283_biggan_00110.png,train/ai/283_biggan_00110.png,BigGAN,persian_cat,train,ai,0,1
img_374763d8b969f311,/Users/nandapratama/Documents/Folder belajar/TA/nr_iqa_genimage_scaffold/data/raw/genimage/BigGAN/persian_cat/train/ai/283_biggan_00111.png,train/ai/283_biggan_00111.png,BigGAN,persian_cat,train,ai,0,1
img_9ce59c0cbfa5b50e,/Users/nandapratama/Documents/Folder belajar/TA/nr_iqa_genimage_scaffold/data/raw/genimage/BigGAN/persian_cat/train/ai/283_biggan_00113.png,train/ai/283_biggan_00113.png,BigGAN,persian_cat,train,ai,0,1
img_ed66203a52bc2b71,/Users/nandapratama/Documents/Folder belajar/TA/nr_iqa_genimage_scaffold/data/raw/genimage/BigGAN/persian_cat/train/ai/283_biggan_00114.png,train/ai/283_biggan_00114.png,BigGAN,persian_cat,train,ai,0,1
img_5d36b9ed89925cd6,/Users/nandapratama/Documents/Folder belajar/TA/nr_iqa_genimage_scaffold/data/raw/genimage/BigGAN/persian_cat/train/ai/283_biggan_00115.png,train/ai/283_biggan_00115.png,BigGAN,persian_cat,train,ai,0,1
img_8b696efda6c792f8,/Users/nandapratama/Documents/Folder belajar/TA/nr_iqa_genimage_scaffold/data/raw/genimage/BigGAN/persian_cat/train/ai/283_biggan_00117.png,train/ai/283_biggan_00117.png,BigGAN,persian_cat,train,ai,0,1
img_991e999fb147af42,/Users/nandapratama/Documents/Folder belajar/TA/nr_iqa_genimage_scaffold/data/raw/genimage/BigGAN/persian_cat/train/ai/283_biggan_00118.png,train/ai/283_biggan_00118.png,BigGAN,persian_cat,train,ai,0,1
img_bd38294fc2ed0400,/Users/nandapratama/Documents/Folder belajar/TA/nr_iqa_genimage_scaffold/data/raw/genimage/BigGAN/persian_cat/train/ai/283_biggan_00119.png,train/ai/283_biggan_00119.png,BigGAN,persian_cat,train,ai,0,1
img_ad55d82abb1ebd56,/Users/nandapratama/Documents/Folder belajar/TA/nr_iqa_genimage_scaffold/data/raw/genimage/BigGAN/persian_cat/train/ai/283_biggan_00120.png,train/ai/283_biggan_00120.png,BigGAN,persian_cat,train,ai,0,1
img_ec710bd10685dd0f,/Users/nandapratama/Documents/Folder belajar/TA/nr_iqa_genimage_scaffold/data/raw/genimage/BigGAN/persian_cat/train/ai/283_biggan_00121.png,train/ai/283_biggan_00121.png,BigGAN,persian_cat,train,ai,0,1
img_a9e37a82f5b2e6d3,/Users/nandapratama/Documents/Folder belajar/TA/nr_iqa_genimage_scaffold/data/raw/genimage/BigGAN/persian_cat/train/nature/n02123394_1036.JPEG,train/nature/n02123394_1036.JPEG,BigGAN,persian_cat,train,nature,1,0
img_31b0398ce035300d,/Users/nandapratama/Documents/Folder belajar/TA/nr_iqa_genimage_scaffold/data/raw/genimage/BigGAN/persian_cat/train/nature/n02123394_1037.JPEG,train/nature/n02123394_1037.JPEG,BigGAN,persian_cat,train,nature,1,0
img_5fd58151bb29fe99,/Users/nandapratama/Documents/Folder belajar/TA/nr_iqa_genimage_scaffold/data/raw/genimage/BigGAN/persian_cat/train/nature/n02123394_1053.JPEG,train/nature/n02123394_1053.JPEG,BigGAN,persian_cat,train,nature,1,0
img_dbad60022b0079ca,/Users/nandapratama/Documents/Folder belajar/TA/nr_iqa_genimage_scaffold/data/raw/genimage/BigGAN/persian_cat/train/nature/n02123394_1069.JPEG,train/nature/n02123394_1069.JPEG,BigGAN,persian_cat,train,nature,1,0
img_f8400ec60b03254f,/Users/nandapratama/Documents/Folder belajar/TA/nr_iqa_genimage_scaffold/data/raw/genimage/BigGAN/persian_cat/train/nature/n02123394_10972.JPEG,train/nature/n02123394_10972.JPEG,BigGAN,persian_cat,train,nature,1,0
img_cd48b5dc3be98c22,/Users/nandapratama/Documents/Folder belajar/TA/nr_iqa_genimage_scaffold/data/raw/genimage/BigGAN/persian_cat/train/nature/n02123394_1159.JPEG,train/nature/n02123394_1159.JPEG,BigGAN,persian_cat,train,nature,1,0
img_ad31a4411352f911,/Users/nandapratama/Documents/Folder belajar/TA/nr_iqa_genimage_scaffold/data/raw/genimage/BigGAN/persian_cat/train/nature/n02123394_1164.JPEG,train/nature/n02123394_1164.JPEG,BigGAN,persian_cat,train,nature,1,0
img_a9bb5dff754eeb16,/Users/nandapratama/Documents/Folder belajar/TA/nr_iqa_genimage_scaffold/data/raw/genimage/BigGAN/persian_cat/train/nature/n02123394_1207.JPEG,train/nature/n02123394_1207.JPEG,BigGAN,persian_cat,train,nature,1,0
img_31d5e0bc5c5839fd,/Users/nandapratama/Documents/Folder belajar/TA/nr_iqa_genimage_scaffold/data/raw/genimage/BigGAN/persian_cat/train/nature/n02123394_126.JPEG,train/nature/n02123394_126.JPEG,BigGAN,persian_cat,train,nature,1,0
img_1402dae9a15855b6,/Users/nandapratama/Documents/Folder belajar/TA/nr_iqa_genimage_scaffold/data/raw/genimage/BigGAN/persian_cat/train/nature/n02123394_130.JPEG,train/nature/n02123394_130.JPEG,BigGAN,persian_cat,train,nature,1,0
img_1738c776c536a3b6,/Users/nandapratama/Documents/Folder belajar/TA/nr_iqa_genimage_scaffold/data/raw/genimage/BigGAN/persian_cat/train/nature/n02123394_1307.JPEG,train/nature/n02123394_1307.JPEG,BigGAN,persian_cat,train,nature,1,0
img_d21fd1926a94706f,/Users/nandapratama/Documents/Folder belajar/TA/nr_iqa_genimage_scaffold/data/raw/genimage/BigGAN/persian_cat/train/nature/n02123394_133.JPEG,train/nature/n02123394_133.JPEG,BigGAN,persian_cat,train,nature,1,0
img_eac2f8d8c1c6b49f,/Users/nandapratama/Documents/Folder belajar/TA/nr_iqa_genimage_scaffold/data/raw/genimage/BigGAN/persian_cat/train/nature/n02123394_141.JPEG,train/nature/n02123394_141.JPEG,BigGAN,persian_cat,train,nature,1,0
img_751633097613e691,/Users/nandapratama/Documents/Folder belajar/TA/nr_iqa_genimage_scaffold/data/raw/genimage/BigGAN/persian_cat/train/nature/n02123394_1424.JPEG,train/nature/n02123394_1424.JPEG,BigGAN,persian_cat,train,nature,1,0
img_06a85e06af339490,/Users/nandapratama/Documents/Folder belajar/TA/nr_iqa_genimage_scaffold/data/raw/genimage/BigGAN/persian_cat/train/nature/n02123394_1633.JPEG,train/nature/n02123394_1633.JPEG,BigGAN,persian_cat,train,nature,1,0
img_937b826edab8b91c,/Users/nandapratama/Documents/Folder belajar/TA/nr_iqa_genimage_scaffold/data/raw/genimage/BigGAN/persian_cat/train/nature/n02123394_1756.JPEG,train/nature/n02123394_1756.JPEG,BigGAN,persian_cat,train,nature,1,0
img_1e6f07310d42d986,/Users/nandapratama/Documents/Folder belajar/TA/nr_iqa_genimage_scaffold/data/raw/genimage/BigGAN/persian_cat/train/nature/n02123394_1778.JPEG,train/nature/n02123394_1778.JPEG,BigGAN,persian_cat,train,nature,1,0
img_5e7840c9816d7c7a,/Users/nandapratama/Documents/Folder belajar/TA/nr_iqa_genimage_scaffold/data/raw/genimage/BigGAN/persian_cat/train/nature/n02123394_1787.JPEG,train/nature/n02123394_1787.JPEG,BigGAN,persian_cat,train,nature,1,0
img_e5ecc29ce2d0ba04,/Users/nandapratama/Documents/Folder belajar/TA/nr_iqa_genimage_scaffold/data/raw/genimage/BigGAN/persian_cat/train/nature/n02123394_1831.JPEG,train/nature/n02123394_1831.JPEG,BigGAN,persian_cat,train,nature,1,0
img_546989eb96e01ddb,/Users/nandapratama/Documents/Folder belajar/TA/nr_iqa_genimage_scaffold/data/raw/genimage/BigGAN/persian_cat/train/nature/n02123394_1860.JPEG,train/nature/n02123394_1860.JPEG,BigGAN,persian_cat,train,nature,1,0
img_25e00cb1740f3343,/Users/nandapratama/Documents/Folder belajar/TA/nr_iqa_genimage_scaffold/data/raw/genimage/BigGAN/persian_cat/train/nature/n02123394_1871.JPEG,train/nature/n02123394_1871.JPEG,BigGAN,persian_cat,train,nature,1,0
img_d5d96db9ce0fbc66,/Users/nandapratama/Documents/Folder belajar/TA/nr_iqa_genimage_scaffold/data/raw/genimage/BigGAN/persian_cat/train/nature/n02123394_1909.JPEG,train/nature/n02123394_1909.JPEG,BigGAN,persian_cat,train,nature,1,0
img_1ca35bc6b00a210c,/Users/nandapratama/Documents/Folder belajar/TA/nr_iqa_genimage_scaffold/data/raw/genimage/BigGAN/persian_cat/train/nature/n02123394_1914.JPEG,train/nature/n02123394_1914.JPEG,BigGAN,persian_cat,train,nature,1,0
img_9a414196452c77a4,/Users/nandapratama/Documents/Folder belajar/TA/nr_iqa_genimage_scaffold/data/raw/genimage/BigGAN/persian_cat/train/nature/n02123394_1915.JPEG,train/nature/n02123394_1915.JPEG,BigGAN,persian_cat,train,nature,1,0
img_f2672277746620ae,/Users/nandapratama/Documents/Folder belajar/TA/nr_iqa_genimage_scaffold/data/raw/genimage/BigGAN/persian_cat/train/nature/n02123394_1954.JPEG,train/nature/n02123394_1954.JPEG,BigGAN,persian_cat,train,nature,1,0
img_6f799dbf402cb704,/Users/nandapratama/Documents/Folder belajar/TA/nr_iqa_genimage_scaffold/data/raw/genimage/BigGAN/persian_cat/train/nature/n02123394_1980.JPEG,train/nature/n02123394_1980.JPEG,BigGAN,persian_cat,train,nature,1,0
img_0f9aed11b041246c,/Users/nandapratama/Documents/Folder belajar/TA/nr_iqa_genimage_scaffold/data/raw/genimage/BigGAN/persian_cat/train/nature/n02123394_2013.JPEG,train/nature/n02123394_2013.JPEG,BigGAN,persian_cat,train,nature,1,0
img_578fffcf9015b138,/Users/nandapratama/Documents/Folder belajar/TA/nr_iqa_genimage_scaffold/data/raw/genimage/BigGAN/persian_cat/train/nature/n02123394_2016.JPEG,train/nature/n02123394_2016.JPEG,BigGAN,persian_cat,train,nature,1,0
img_714be5e60d4efedc,/Users/nandapratama/Documents/Folder belajar/TA/nr_iqa_genimage_scaffold/data/raw/genimage/BigGAN/persian_cat/train/nature/n02123394_2040.JPEG,train/nature/n02123394_2040.JPEG,BigGAN,persian_cat,train,nature,1,0
img_efa0b61ee700c9c4,/Users/nandapratama/Documents/Folder belajar/TA/nr_iqa_genimage_scaffold/data/raw/genimage/BigGAN/persian_cat/train/nature/n02123394_2045.JPEG,train/nature/n02123394_2045.JPEG,BigGAN,persian_cat,train,nature,1,0
img_38b5376192c8ae7c,/Users/nandapratama/Documents/Folder belajar/TA/nr_iqa_genimage_scaffold/data/raw/genimage/BigGAN/persian_cat/train/nature/n02123394_2063.JPEG,train/nature/n02123394_2063.JPEG,BigGAN,persian_cat,train,nature,1,0
img_c0f80bdfaca7b4bb,/Users/nandapratama/Documents/Folder belajar/TA/nr_iqa_genimage_scaffold/data/raw/genimage/BigGAN/persian_cat/train/nature/n02123394_2169.JPEG,train/nature/n02123394_2169.JPEG,BigGAN,persian_cat,train,nature,1,0
img_d99621937234eabc,/Users/nandapratama/Documents/Folder belajar/TA/nr_iqa_genimage_scaffold/data/raw/genimage/BigGAN/persian_cat/train/nature/n02123394_2200.JPEG,train/nature/n02123394_2200.JPEG,BigGAN,persian_cat,train,nature,1,0
img_9784e62438f41148,/Users/nandapratama/Documents/Folder belajar/TA/nr_iqa_genimage_scaffold/data/raw/genimage/BigGAN/persian_cat/train/nature/n02123394_2291.JPEG,train/nature/n02123394_2291.JPEG,BigGAN,persian_cat,train,nature,1,0
img_b6f46dc5934f394a,/Users/nandapratama/Documents/Folder belajar/TA/nr_iqa_genimage_scaffold/data/raw/genimage/BigGAN/persian_cat/train/nature/n02123394_2354.JPEG,train/nature/n02123394_2354.JPEG,BigGAN,persian_cat,train,nature,1,0
img_1070d8a39f98b74c,/Users/nandapratama/Documents/Folder belajar/TA/nr_iqa_genimage_scaffold/data/raw/genimage/BigGAN/persian_cat/train/nature/n02123394_2358.JPEG,train/nature/n02123394_2358.JPEG,BigGAN,persian_cat,train,nature,1,0
img_e210e407732b117f,/Users/nandapratama/Documents/Folder belajar/TA/nr_iqa_genimage_scaffold/data/raw/genimage/BigGAN/persian_cat/train/nature/n02123394_2429.JPEG,train/nature/n02123394_2429.JPEG,BigGAN,persian_cat,train,nature,1,0
img_b3ec947714367bfc,/Users/nandapratama/Documents/Folder belajar/TA/nr_iqa_genimage_scaffold/data/raw/genimage/BigGAN/persian_cat/train/nature/n02123394_2443.JPEG,train/nature/n02123394_2443.JPEG,BigGAN,persian_cat,train,nature,1,0
img_48802da9a3790402,/Users/nandapratama/Documents/Folder belajar/TA/nr_iqa_genimage_scaffold/data/raw/genimage/BigGAN/persian_cat/train/nature/n02123394_2500.JPEG,train/nature/n02123394_2500.JPEG,BigGAN,persian_cat,train,nature,1,0
img_9ac447def53e640a,/Users/nandapratama/Documents/Folder belajar/TA/nr_iqa_genimage_scaffold/data/raw/genimage/BigGAN/persian_cat/train/nature/n02123394_2549.JPEG,train/nature/n02123394_2549.JPEG,BigGAN,persian_cat,train,nature,1,0
img_2f82eac09cedac13,/Users/nandapratama/Documents/Folder belajar/TA/nr_iqa_genimage_scaffold/data/raw/genimage/BigGAN/persian_cat/train/nature/n02123394_2692.JPEG,train/nature/n02123394_2692.JPEG,BigGAN,persian_cat,train,nature,1,0
img_5109bc66dc59b5fd,/Users/nandapratama/Documents/Folder belajar/TA/nr_iqa_genimage_scaffold/data/raw/genimage/BigGAN/persian_cat/train/nature/n02123394_2712.JPEG,train/nature/n02123394_2712.JPEG,BigGAN,persian_cat,train,nature,1,0
img_75e96cb38bbc9630,/Users/nandapratama/Documents/Folder belajar/TA/nr_iqa_genimage_scaffold/data/raw/genimage/BigGAN/persian_cat/train/nature/n02123394_2730.JPEG,train/nature/n02123394_2730.JPEG,BigGAN,persian_cat,train,nature,1,0
img_4730e7e0288c4bf5,/Users/nandapratama/Documents/Folder belajar/TA/nr_iqa_genimage_scaffold/data/raw/genimage/BigGAN/persian_cat/train/nature/n02123394_274.JPEG,train/nature/n02123394_274.JPEG,BigGAN,persian_cat,train,nature,1,0
img_522001233e58a79c,/Users/nandapratama/Documents/Folder belajar/TA/nr_iqa_genimage_scaffold/data/raw/genimage/BigGAN/persian_cat/train/nature/n02123394_2761.JPEG,train/nature/n02123394_2761.JPEG,BigGAN,persian_cat,train,nature,1,0
img_4ae60f8f6b44573a,/Users/nandapratama/Documents/Folder belajar/TA/nr_iqa_genimage_scaffold/data/raw/genimage/BigGAN/persian_cat/train/nature/n02123394_2872.JPEG,train/nature/n02123394_2872.JPEG,BigGAN,persian_cat,train,nature,1,0
img_b9d27a77ce9d8a0f,/Users/nandapratama/Documents/Folder belajar/TA/nr_iqa_genimage_scaffold/data/raw/genimage/BigGAN/persian_cat/train/nature/n02123394_2948.JPEG,train/nature/n02123394_2948.JPEG,BigGAN,persian_cat,train,nature,1,0
img_bb0c64283029ceef,/Users/nandapratama/Documents/Folder belajar/TA/nr_iqa_genimage_scaffold/data/raw/genimage/BigGAN/persian_cat/train/nature/n02123394_2972.JPEG,train/nature/n02123394_2972.JPEG,BigGAN,persian_cat,train,nature,1,0
img_04a8d7029981fd0a,/Users/nandapratama/Documents/Folder belajar/TA/nr_iqa_genimage_scaffold/data/raw/genimage/BigGAN/persian_cat/train/nature/n02123394_2975.JPEG,train/nature/n02123394_2975.JPEG,BigGAN,persian_cat,train,nature,1,0
img_5ff28be3bc4b6d38,/Users/nandapratama/Documents/Folder belajar/TA/nr_iqa_genimage_scaffold/data/raw/genimage/BigGAN/persian_cat/train/nature/n02123394_2988.JPEG,train/nature/n02123394_2988.JPEG,BigGAN,persian_cat,train,nature,1,0
img_bd3a09254b018a87,/Users/nandapratama/Documents/Folder belajar/TA/nr_iqa_genimage_scaffold/data/raw/genimage/BigGAN/persian_cat/train/nature/n02123394_3152.JPEG,train/nature/n02123394_3152.JPEG,BigGAN,persian_cat,train,nature,1,0
img_6002054f140e41c2,/Users/nandapratama/Documents/Folder belajar/TA/nr_iqa_genimage_scaffold/data/raw/genimage/BigGAN/persian_cat/train/nature/n02123394_3158.JPEG,train/nature/n02123394_3158.JPEG,BigGAN,persian_cat,train,nature,1,0
img_b6e9fb5628fb0c44,/Users/nandapratama/Documents/Folder belajar/TA/nr_iqa_genimage_scaffold/data/raw/genimage/BigGAN/persian_cat/train/nature/n02123394_3233.JPEG,train/nature/n02123394_3233.JPEG,BigGAN,persian_cat,train,nature,1,0
img_16b86b452a12fe66,/Users/nandapratama/Documents/Folder belajar/TA/nr_iqa_genimage_scaffold/data/raw/genimage/BigGAN/persian_cat/train/nature/n02123394_3279.JPEG,train/nature/n02123394_3279.JPEG,BigGAN,persian_cat,train,nature,1,0
img_840d4ca4533978e4,/Users/nandapratama/Documents/Folder belajar/TA/nr_iqa_genimage_scaffold/data/raw/genimage/BigGAN/persian_cat/train/nature/n02123394_3329.JPEG,train/nature/n02123394_3329.JPEG,BigGAN,persian_cat,train,nature,1,0
img_97881d3d61d277ba,/Users/nandapratama/Documents/Folder belajar/TA/nr_iqa_genimage_scaffold/data/raw/genimage/BigGAN/persian_cat/train/nature/n02123394_3350.JPEG,train/nature/n02123394_3350.JPEG,BigGAN,persian_cat,train,nature,1,0
img_d2530231239cdcab,/Users/nandapratama/Documents/Folder belajar/TA/nr_iqa_genimage_scaffold/data/raw/genimage/BigGAN/persian_cat/train/nature/n02123394_3400.JPEG,train/nature/n02123394_3400.JPEG,BigGAN,persian_cat,train,nature,1,0
img_b9b892065d42e0e6,/Users/nandapratama/Documents/Folder belajar/TA/nr_iqa_genimage_scaffold/data/raw/genimage/BigGAN/persian_cat/train/nature/n02123394_3429.JPEG,train/nature/n02123394_3429.JPEG,BigGAN,persian_cat,train,nature,1,0
img_85c0678b3e83ce0d,/Users/nandapratama/Documents/Folder belajar/TA/nr_iqa_genimage_scaffold/data/raw/genimage/BigGAN/persian_cat/train/nature/n02123394_345.JPEG,train/nature/n02123394_345.JPEG,BigGAN,persian_cat,train,nature,1,0
img_de446e3cb84580bc,/Users/nandapratama/Documents/Folder belajar/TA/nr_iqa_genimage_scaffold/data/raw/genimage/BigGAN/persian_cat/train/nature/n02123394_3569.JPEG,train/nature/n02123394_3569.JPEG,BigGAN,persian_cat,train,nature,1,0
img_613a2cd89f73d0c8,/Users/nandapratama/Documents/Folder belajar/TA/nr_iqa_genimage_scaffold/data/raw/genimage/BigGAN/persian_cat/train/nature/n02123394_3607.JPEG,train/nature/n02123394_3607.JPEG,BigGAN,persian_cat,train,nature,1,0
img_53ce1e2e46a9e3a2,/Users/nandapratama/Documents/Folder belajar/TA/nr_iqa_genimage_scaffold/data/raw/genimage/BigGAN/persian_cat/train/nature/n02123394_3713.JPEG,train/nature/n02123394_3713.JPEG,BigGAN,persian_cat,train,nature,1,0
img_9cfdf12dd15597fc,/Users/nandapratama/Documents/Folder belajar/TA/nr_iqa_genimage_scaffold/data/raw/genimage/BigGAN/persian_cat/train/nature/n02123394_3718.JPEG,train/nature/n02123394_3718.JPEG,BigGAN,persian_cat,train,nature,1,0
img_7ef236deddb3ed32,/Users/nandapratama/Documents/Folder belajar/TA/nr_iqa_genimage_scaffold/data/raw/genimage/BigGAN/persian_cat/train/nature/n02123394_3894.JPEG,train/nature/n02123394_3894.JPEG,BigGAN,persian_cat,train,nature,1,0
img_830f9e1980ab1ab1,/Users/nandapratama/Documents/Folder belajar/TA/nr_iqa_genimage_scaffold/data/raw/genimage/BigGAN/persian_cat/train/nature/n02123394_3920.JPEG,train/nature/n02123394_3920.JPEG,BigGAN,persian_cat,train,nature,1,0
img_bf9bb6ae1fa2fb9c,/Users/nandapratama/Documents/Folder belajar/TA/nr_iqa_genimage_scaffold/data/raw/genimage/BigGAN/persian_cat/train/nature/n02123394_3922.JPEG,train/nature/n02123394_3922.JPEG,BigGAN,persian_cat,train,nature,1,0
img_e168c57b33d27378,/Users/nandapratama/Documents/Folder belajar/TA/nr_iqa_genimage_scaffold/data/raw/genimage/BigGAN/persian_cat/train/nature/n02123394_4125.JPEG,train/nature/n02123394_4125.JPEG,BigGAN,persian_cat,train,nature,1,0
img_f35330d06ed79cc1,/Users/nandapratama/Documents/Folder belajar/TA/nr_iqa_genimage_scaffold/data/raw/genimage/BigGAN/persian_cat/train/nature/n02123394_415.JPEG,train/nature/n02123394_415.JPEG,BigGAN,persian_cat,train,nature,1,0
img_64731c9b06adfeab,/Users/nandapratama/Documents/Folder belajar/TA/nr_iqa_genimage_scaffold/data/raw/genimage/BigGAN/persian_cat/train/nature/n02123394_4161.JPEG,train/nature/n02123394_4161.JPEG,BigGAN,persian_cat,train,nature,1,0
img_670b2108f976e949,/Users/nandapratama/Documents/Folder belajar/TA/nr_iqa_genimage_scaffold/data/raw/genimage/BigGAN/persian_cat/train/nature/n02123394_4178.JPEG,train/nature/n02123394_4178.JPEG,BigGAN,persian_cat,train,nature,1,0
img_02ae3edcfe4f4d80,/Users/nandapratama/Documents/Folder belajar/TA/nr_iqa_genimage_scaffold/data/raw/genimage/BigGAN/persian_cat/train/nature/n02123394_4449.JPEG,train/nature/n02123394_4449.JPEG,BigGAN,persian_cat,train,nature,1,0
img_ec87d2479e720adf,/Users/nandapratama/Documents/Folder belajar/TA/nr_iqa_genimage_scaffold/data/raw/genimage/BigGAN/persian_cat/train/nature/n02123394_4497.JPEG,train/nature/n02123394_4497.JPEG,BigGAN,persian_cat,train,nature,1,0
img_83ba315369191433,/Users/nandapratama/Documents/Folder belajar/TA/nr_iqa_genimage_scaffold/data/raw/genimage/BigGAN/persian_cat/train/nature/n02123394_4656.JPEG,train/nature/n02123394_4656.JPEG,BigGAN,persian_cat,train,nature,1,0
img_0ff31ca3289e05d1,/Users/nandapratama/Documents/Folder belajar/TA/nr_iqa_genimage_scaffold/data/raw/genimage/BigGAN/persian_cat/train/nature/n02123394_4713.JPEG,train/nature/n02123394_4713.JPEG,BigGAN,persian_cat,train,nature,1,0
img_308a17bf339ec85c,/Users/nandapratama/Documents/Folder belajar/TA/nr_iqa_genimage_scaffold/data/raw/genimage/BigGAN/persian_cat/train/nature/n02123394_481.JPEG,train/nature/n02123394_481.JPEG,BigGAN,persian_cat,train,nature,1,0
img_62bac2c0229ef247,/Users/nandapratama/Documents/Folder belajar/TA/nr_iqa_genimage_scaffold/data/raw/genimage/BigGAN/persian_cat/train/nature/n02123394_490.JPEG,train/nature/n02123394_490.JPEG,BigGAN,persian_cat,train,nature,1,0
img_705b00c9049bbcc6,/Users/nandapratama/Documents/Folder belajar/TA/nr_iqa_genimage_scaffold/data/raw/genimage/BigGAN/persian_cat/train/nature/n02123394_4920.JPEG,train/nature/n02123394_4920.JPEG,BigGAN,persian_cat,train,nature,1,0
img_9240dd7d252256e2,/Users/nandapratama/Documents/Folder belajar/TA/nr_iqa_genimage_scaffold/data/raw/genimage/BigGAN/persian_cat/train/nature/n02123394_4922.JPEG,train/nature/n02123394_4922.JPEG,BigGAN,persian_cat,train,nature,1,0
img_00943255e6bcf3be,/Users/nandapratama/Documents/Folder belajar/TA/nr_iqa_genimage_scaffold/data/raw/genimage/BigGAN/persian_cat/train/nature/n02123394_5054.JPEG,train/nature/n02123394_5054.JPEG,BigGAN,persian_cat,train,nature,1,0
img_f73408d7f5489f73,/Users/nandapratama/Documents/Folder belajar/TA/nr_iqa_genimage_scaffold/data/raw/genimage/BigGAN/persian_cat/train/nature/n02123394_5071.JPEG,train/nature/n02123394_5071.JPEG,BigGAN,persian_cat,train,nature,1,0
img_1777a866420bb8c8,/Users/nandapratama/Documents/Folder belajar/TA/nr_iqa_genimage_scaffold/data/raw/genimage/BigGAN/persian_cat/train/nature/n02123394_5111.JPEG,train/nature/n02123394_5111.JPEG,BigGAN,persian_cat,train,nature,1,0
img_6dbf3b9161e37cb9,/Users/nandapratama/Documents/Folder belajar/TA/nr_iqa_genimage_scaffold/data/raw/genimage/BigGAN/persian_cat/train/nature/n02123394_516.JPEG,train/nature/n02123394_516.JPEG,BigGAN,persian_cat,train,nature,1,0
img_6b815054f65ad445,/Users/nandapratama/Documents/Folder belajar/TA/nr_iqa_genimage_scaffold/data/raw/genimage/BigGAN/persian_cat/train/nature/n02123394_5177.JPEG,train/nature/n02123394_5177.JPEG,BigGAN,persian_cat,train,nature,1,0
img_79753ab351cb61b2,/Users/nandapratama/Documents/Folder belajar/TA/nr_iqa_genimage_scaffold/data/raw/genimage/BigGAN/persian_cat/train/nature/n02123394_5268.JPEG,train/nature/n02123394_5268.JPEG,BigGAN,persian_cat,train,nature,1,0
img_eb6efdb16292fab7,/Users/nandapratama/Documents/Folder belajar/TA/nr_iqa_genimage_scaffold/data/raw/genimage/BigGAN/persian_cat/train/nature/n02123394_5283.JPEG,train/nature/n02123394_5283.JPEG,BigGAN,persian_cat,train,nature,1,0
img_206c051a044b61be,/Users/nandapratama/Documents/Folder belajar/TA/nr_iqa_genimage_scaffold/data/raw/genimage/BigGAN/persian_cat/train/nature/n02123394_530.JPEG,train/nature/n02123394_530.JPEG,BigGAN,persian_cat,train,nature,1,0
img_7ba2ebf28b6cdfa3,/Users/nandapratama/Documents/Folder belajar/TA/nr_iqa_genimage_scaffold/data/raw/genimage/BigGAN/persian_cat/train/nature/n02123394_552.JPEG,train/nature/n02123394_552.JPEG,BigGAN,persian_cat,train,nature,1,0
img_1b47bb1bbc9e150c,/Users/nandapratama/Documents/Folder belajar/TA/nr_iqa_genimage_scaffold/data/raw/genimage/BigGAN/persian_cat/train/nature/n02123394_557.JPEG,train/nature/n02123394_557.JPEG,BigGAN,persian_cat,train,nature,1,0
img_cc98b504e343cf4a,/Users/nandapratama/Documents/Folder belajar/TA/nr_iqa_genimage_scaffold/data/raw/genimage/BigGAN/persian_cat/train/nature/n02123394_5622.JPEG,train/nature/n02123394_5622.JPEG,BigGAN,persian_cat,train,nature,1,0
img_dc7f98148699730e,/Users/nandapratama/Documents/Folder belajar/TA/nr_iqa_genimage_scaffold/data/raw/genimage/BigGAN/persian_cat/train/nature/n02123394_5638.JPEG,train/nature/n02123394_5638.JPEG,BigGAN,persian_cat,train,nature,1,0
img_7b481a9e12e2464d,/Users/nandapratama/Documents/Folder belajar/TA/nr_iqa_genimage_scaffold/data/raw/genimage/BigGAN/persian_cat/train/nature/n02123394_5700.JPEG,train/nature/n02123394_5700.JPEG,BigGAN,persian_cat,train,nature,1,0
img_1278a0ac934b1a64,/Users/nandapratama/Documents/Folder belajar/TA/nr_iqa_genimage_scaffold/data/raw/genimage/BigGAN/persian_cat/train/nature/n02123394_5708.JPEG,train/nature/n02123394_5708.JPEG,BigGAN,persian_cat,train,nature,1,0
img_6c2da277b2a1f0d5,/Users/nandapratama/Documents/Folder belajar/TA/nr_iqa_genimage_scaffold/data/raw/genimage/BigGAN/persian_cat/train/nature/n02123394_5752.JPEG,train/nature/n02123394_5752.JPEG,BigGAN,persian_cat,train,nature,1,0
img_d4f0112af7b90404,/Users/nandapratama/Documents/Folder belajar/TA/nr_iqa_genimage_scaffold/data/raw/genimage/BigGAN/persian_cat/train/nature/n02123394_5819.JPEG,train/nature/n02123394_5819.JPEG,BigGAN,persian_cat,train,nature,1,0
img_5f9ca0be4b38e38a,/Users/nandapratama/Documents/Folder belajar/TA/nr_iqa_genimage_scaffold/data/raw/genimage/BigGAN/persian_cat/train/nature/n02123394_5846.JPEG,train/nature/n02123394_5846.JPEG,BigGAN,persian_cat,train,nature,1,0
img_145e47bd06018aaa,/Users/nandapratama/Documents/Folder belajar/TA/nr_iqa_genimage_scaffold/data/raw/genimage/BigGAN/persian_cat/train/nature/n02123394_5856.JPEG,train/nature/n02123394_5856.JPEG,BigGAN,persian_cat,train,nature,1,0
img_4058df4a6df4ca4d,/Users/nandapratama/Documents/Folder belajar/TA/nr_iqa_genimage_scaffold/data/raw/genimage/BigGAN/persian_cat/train/nature/n02123394_5903.JPEG,train/nature/n02123394_5903.JPEG,BigGAN,persian_cat,train,nature,1,0
img_ac0869eb1dd3b84a,/Users/nandapratama/Documents/Folder belajar/TA/nr_iqa_genimage_scaffold/data/raw/genimage/BigGAN/persian_cat/train/nature/n02123394_5904.JPEG,train/nature/n02123394_5904.JPEG,BigGAN,persian_cat,train,nature,1,0
img_37cd89c07e151b7e,/Users/nandapratama/Documents/Folder belajar/TA/nr_iqa_genimage_scaffold/data/raw/genimage/BigGAN/persian_cat/train/nature/n02123394_5906.JPEG,train/nature/n02123394_5906.JPEG,BigGAN,persian_cat,train,nature,1,0
img_c7072041da7c6827,/Users/nandapratama/Documents/Folder belajar/TA/nr_iqa_genimage_scaffold/data/raw/genimage/BigGAN/persian_cat/train/nature/n02123394_591.JPEG,train/nature/n02123394_591.JPEG,BigGAN,persian_cat,train,nature,1,0
